/*
 Navicat Premium Data Transfer

 Source Server         : 腾讯云
 Source Server Type    : MySQL
 Source Server Version : 50724
 Source Host           : 193.112.108.190:3306
 Source Schema         : snow

 Target Server Type    : MySQL
 Target Server Version : 50724
 File Encoding         : 65001

 Date: 10/01/2019 20:52:30
*/

SET NAMES utf8mb4;
SET FOREIGN_KEY_CHECKS = 0;

-- ----------------------------
-- Table structure for ssc_address
-- ----------------------------
DROP TABLE IF EXISTS `ssc_address`;
CREATE TABLE `ssc_address`  (
  `id` int(11) NOT NULL AUTO_INCREMENT,
  `user_id` int(11) NOT NULL COMMENT '用户id',
  `name` varchar(50) CHARACTER SET utf8 COLLATE utf8_general_ci NOT NULL COMMENT '收货人姓名',
  `phone` bigint(20) NOT NULL COMMENT '收货人手机号',
  `details` varchar(255) CHARACTER SET utf8 COLLATE utf8_general_ci NOT NULL COMMENT '详细地址',
  PRIMARY KEY (`id`) USING BTREE
) ENGINE = InnoDB AUTO_INCREMENT = 2 CHARACTER SET = utf8 COLLATE = utf8_general_ci COMMENT = '收货地址表' ROW_FORMAT = Dynamic;

-- ----------------------------
-- Records of ssc_address
-- ----------------------------
INSERT INTO `ssc_address` VALUES (1, 10, '李四', 15233623214, '阿萨德法师法第三方s');

-- ----------------------------
-- Table structure for ssc_alipay
-- ----------------------------
DROP TABLE IF EXISTS `ssc_alipay`;
CREATE TABLE `ssc_alipay`  (
  `id` int(11) NOT NULL AUTO_INCREMENT,
  `user_id` int(11) NOT NULL,
  `alipay_account` varchar(255) CHARACTER SET utf8 COLLATE utf8_general_ci NOT NULL COMMENT '支付宝帐号',
  `alipay_name` varchar(255) CHARACTER SET utf8 COLLATE utf8_general_ci NOT NULL COMMENT '支付宝姓名',
  PRIMARY KEY (`id`) USING BTREE
) ENGINE = InnoDB AUTO_INCREMENT = 3 CHARACTER SET = utf8 COLLATE = utf8_general_ci ROW_FORMAT = Dynamic;

-- ----------------------------
-- Records of ssc_alipay
-- ----------------------------
INSERT INTO `ssc_alipay` VALUES (2, 10, '124141455', '李四');

-- ----------------------------
-- Table structure for ssc_apply
-- ----------------------------
DROP TABLE IF EXISTS `ssc_apply`;
CREATE TABLE `ssc_apply`  (
  `id` int(11) NOT NULL AUTO_INCREMENT,
  `order_id` int(11) NOT NULL DEFAULT 0 COMMENT '订单表id',
  `user_id` int(11) NOT NULL DEFAULT 0 COMMENT '用户id',
  `status` tinyint(1) NOT NULL DEFAULT 2 COMMENT '0-失败，1-成功，2-待处理',
  `purpose` tinyint(1) NOT NULL COMMENT '申请目的，1-退款，2-提货，3-金币兑换',
  `gold` int(11) NOT NULL DEFAULT 0 COMMENT '兑换金币',
  `created_date` int(11) NOT NULL COMMENT '创建时间',
  `updated_date` int(11) NULL DEFAULT NULL COMMENT '更新时间',
  PRIMARY KEY (`id`) USING BTREE,
  INDEX ```user_id```(`user_id`) USING BTREE,
  INDEX ```purpose```(`purpose`) USING BTREE
) ENGINE = InnoDB AUTO_INCREMENT = 5 CHARACTER SET = utf8 COLLATE = utf8_general_ci COMMENT = '申请表' ROW_FORMAT = Dynamic;

-- ----------------------------
-- Records of ssc_apply
-- ----------------------------
INSERT INTO `ssc_apply` VALUES (1, 0, 10, 2, 3, 2, 1546746640, NULL);
INSERT INTO `ssc_apply` VALUES (2, 0, 10, 0, 3, 3, 1546765752, NULL);
INSERT INTO `ssc_apply` VALUES (3, 22, 10, 2, 2, 0, 1547124384, NULL);
INSERT INTO `ssc_apply` VALUES (4, 19, 10, 2, 1, 0, 1547124425, NULL);

-- ----------------------------
-- Table structure for ssc_award_info
-- ----------------------------
DROP TABLE IF EXISTS `ssc_award_info`;
CREATE TABLE `ssc_award_info`  (
  `id` int(11) NOT NULL AUTO_INCREMENT,
  `term_num` varchar(12) CHARACTER SET utf8 COLLATE utf8_general_ci NOT NULL COMMENT '哪一期,期号',
  `result` varchar(10) CHARACTER SET utf8 COLLATE utf8_general_ci NULL DEFAULT NULL COMMENT '开奖结果',
  `created_date` int(11) NOT NULL,
  `updated_date` int(11) NULL DEFAULT NULL,
  `win` tinyint(1) NULL DEFAULT NULL COMMENT '获胜，0-瑞雪，1-丰年',
  PRIMARY KEY (`id`) USING BTREE,
  INDEX `term_num`(`term_num`) USING BTREE,
  INDEX `result`(`result`) USING BTREE
) ENGINE = InnoDB AUTO_INCREMENT = 307 CHARACTER SET = utf8 COLLATE = utf8_general_ci COMMENT = '开奖信息表' ROW_FORMAT = Dynamic;

-- ----------------------------
-- Records of ssc_award_info
-- ----------------------------
INSERT INTO `ssc_award_info` VALUES (1, '190106-075', '98214', 1546770001, 1546771322, 0);
INSERT INTO `ssc_award_info` VALUES (2, '190106-076', '06802', 1546771201, 1546771322, 0);
INSERT INTO `ssc_award_info` VALUES (3, '190106-077', '11376', 1546771248, 1546771922, 0);
INSERT INTO `ssc_award_info` VALUES (4, '190106-078', '48263', 1546771801, 1546772581, 1);
INSERT INTO `ssc_award_info` VALUES (5, '190106-079', '68788', 1546772401, 1546773122, 0);
INSERT INTO `ssc_award_info` VALUES (6, '190106-080', '38228', 1546773002, 1546773722, 0);
INSERT INTO `ssc_award_info` VALUES (7, '190106-081', '72656', 1546773601, 1546774322, 0);
INSERT INTO `ssc_award_info` VALUES (8, '190106-082', '82684', 1546774201, 1546774922, 0);
INSERT INTO `ssc_award_info` VALUES (9, '190106-083', '64008', 1546774801, 1546775522, 0);
INSERT INTO `ssc_award_info` VALUES (10, '190106-084', '22553', 1546775401, 1546776181, 1);
INSERT INTO `ssc_award_info` VALUES (11, '190106-085', '39271', 1546776001, 1546776721, 1);
INSERT INTO `ssc_award_info` VALUES (12, '190106-086', '14867', 1546776602, 1546777322, 1);
INSERT INTO `ssc_award_info` VALUES (13, '190106-087', '85402', 1546777201, 1546777922, 0);
INSERT INTO `ssc_award_info` VALUES (14, '190106-088', '40498', 1546777801, 1546778521, 0);
INSERT INTO `ssc_award_info` VALUES (15, '190106-089', '29924', 1546778401, 1546779122, 0);
INSERT INTO `ssc_award_info` VALUES (16, '190106-090', '08366', 1546779001, 1546779781, 0);
INSERT INTO `ssc_award_info` VALUES (17, '190106-091', '47710', 1546779601, 1546780323, 0);
INSERT INTO `ssc_award_info` VALUES (18, '190106-092', '63105', 1546780201, 1546781522, 1);
INSERT INTO `ssc_award_info` VALUES (19, '190106-093', '26223', 1546780801, 1546781522, 1);
INSERT INTO `ssc_award_info` VALUES (20, '190106-094', '33700', 1546781401, 1546782122, 0);
INSERT INTO `ssc_award_info` VALUES (21, '190106-095', '70941', 1546782001, 1546782722, 1);
INSERT INTO `ssc_award_info` VALUES (22, '190106-096', '29703', 1546782601, 1546783382, 1);
INSERT INTO `ssc_award_info` VALUES (23, '190107-024', '83398', 1546826401, 1546826581, 0);
INSERT INTO `ssc_award_info` VALUES (24, '190107-025', '59988', 1546827001, 1546827122, 0);
INSERT INTO `ssc_award_info` VALUES (25, '190107-026', '16879', 1546827601, 1546828322, 1);
INSERT INTO `ssc_award_info` VALUES (26, '190107-027', '87970', 1546828201, 1546828322, 0);
INSERT INTO `ssc_award_info` VALUES (27, '190107-028', '91509', 1546828801, 1546828923, 1);
INSERT INTO `ssc_award_info` VALUES (28, '190107-029', '85916', 1546829401, 1546829522, 0);
INSERT INTO `ssc_award_info` VALUES (29, '190107-030', '94573', 1546830002, 1546830182, 1);
INSERT INTO `ssc_award_info` VALUES (30, '190107-031', '07920', 1546830602, 1546830722, 0);
INSERT INTO `ssc_award_info` VALUES (31, '190107-032', '80712', 1546831201, 1546831322, 0);
INSERT INTO `ssc_award_info` VALUES (32, '190107-033', '04597', 1546831801, 1546831922, 1);
INSERT INTO `ssc_award_info` VALUES (33, '190107-034', '20981', 1546832401, 1546832522, 1);
INSERT INTO `ssc_award_info` VALUES (34, '190107-035', '77789', 1546833001, 1546833122, 1);
INSERT INTO `ssc_award_info` VALUES (35, '190107-036', '36302', 1546833601, 1546833782, 0);
INSERT INTO `ssc_award_info` VALUES (36, '190107-037', '28186', 1546834202, 1546834322, 0);
INSERT INTO `ssc_award_info` VALUES (37, '190107-038', '14058', 1546834801, 1546834923, 0);
INSERT INTO `ssc_award_info` VALUES (38, '190107-039', '24512', 1546835401, 1546835523, 0);
INSERT INTO `ssc_award_info` VALUES (39, '190107-040', '12372', 1546836001, 1546836122, 0);
INSERT INTO `ssc_award_info` VALUES (40, '190107-041', '15278', 1546836602, 1546836722, 0);
INSERT INTO `ssc_award_info` VALUES (41, '190107-042', '24367', 1546837201, 1546837382, 1);
INSERT INTO `ssc_award_info` VALUES (42, '190107-043', '15552', 1546837802, 1546837922, 0);
INSERT INTO `ssc_award_info` VALUES (43, '190107-044', '25532', 1546838401, 1546838522, 0);
INSERT INTO `ssc_award_info` VALUES (44, '190107-045', '01276', 1546839002, 1546839122, 0);
INSERT INTO `ssc_award_info` VALUES (45, '190107-046', '31188', 1546839601, 1546839722, 0);
INSERT INTO `ssc_award_info` VALUES (46, '190107-047', '17649', 1546840201, 1546840322, 1);
INSERT INTO `ssc_award_info` VALUES (47, '190107-048', '97087', 1546840802, 1546840982, 1);
INSERT INTO `ssc_award_info` VALUES (48, '190107-049', '10185', 1546841402, 1546842122, 1);
INSERT INTO `ssc_award_info` VALUES (49, '190107-050', '76392', 1546842001, 1546842122, 0);
INSERT INTO `ssc_award_info` VALUES (50, '190107-051', '82439', 1546842601, 1546842721, 1);
INSERT INTO `ssc_award_info` VALUES (51, '190107-052', '72054', 1546843201, 1546843922, 0);
INSERT INTO `ssc_award_info` VALUES (52, '190107-053', '52191', 1546843802, 1546843922, 1);
INSERT INTO `ssc_award_info` VALUES (53, '190107-054', '28951', 1546844402, 1546844582, 1);
INSERT INTO `ssc_award_info` VALUES (54, '190107-055', '72426', 1546845001, 1546845122, 0);
INSERT INTO `ssc_award_info` VALUES (55, '190107-056', '57613', 1546845601, 1546845722, 1);
INSERT INTO `ssc_award_info` VALUES (56, '190107-057', '24607', 1546846201, 1546846322, 1);
INSERT INTO `ssc_award_info` VALUES (57, '190107-058', '62862', 1546846801, 1546846922, 0);
INSERT INTO `ssc_award_info` VALUES (58, '190107-059', '53776', 1546847401, 1546847522, 0);
INSERT INTO `ssc_award_info` VALUES (59, '190107-060', '05580', 1546848001, 1546848182, 0);
INSERT INTO `ssc_award_info` VALUES (60, '190107-061', '50654', 1546848601, 1546848722, 0);
INSERT INTO `ssc_award_info` VALUES (61, '190107-062', '97672', 1546849202, 1546849322, 0);
INSERT INTO `ssc_award_info` VALUES (62, '190107-063', '64405', 1546849802, 1546849922, 1);
INSERT INTO `ssc_award_info` VALUES (63, '190107-064', '01447', 1546850401, 1546850522, 1);
INSERT INTO `ssc_award_info` VALUES (64, '190107-065', '39045', 1546851001, 1546851122, 1);
INSERT INTO `ssc_award_info` VALUES (65, '190107-066', '28111', 1546851601, 1546851782, 1);
INSERT INTO `ssc_award_info` VALUES (66, '190107-067', '11688', 1546852201, 1546852922, 0);
INSERT INTO `ssc_award_info` VALUES (67, '190107-068', '62077', 1546852801, 1546852922, 1);
INSERT INTO `ssc_award_info` VALUES (68, '190107-069', '79841', 1546853401, 1546853522, 1);
INSERT INTO `ssc_award_info` VALUES (69, '190107-070', '31832', 1546854001, 1546854122, 0);
INSERT INTO `ssc_award_info` VALUES (70, '190107-071', '15430', 1546854601, 1546854721, 0);
INSERT INTO `ssc_award_info` VALUES (71, '190107-072', '49047', 1546855201, 1546855382, 1);
INSERT INTO `ssc_award_info` VALUES (72, '190107-073', '24336', 1546855801, 1546855921, 0);
INSERT INTO `ssc_award_info` VALUES (73, '190107-074', '66800', 1546856401, 1546856522, 0);
INSERT INTO `ssc_award_info` VALUES (74, '190107-075', '03898', 1546857001, 1546857121, 0);
INSERT INTO `ssc_award_info` VALUES (75, '190107-076', '85852', 1546857602, 1546857722, 0);
INSERT INTO `ssc_award_info` VALUES (76, '190107-077', '32390', 1546858201, 1546858322, 0);
INSERT INTO `ssc_award_info` VALUES (77, '190107-078', '19926', 1546858801, 1546858982, 0);
INSERT INTO `ssc_award_info` VALUES (78, '190107-079', '66605', 1546859401, 1546859523, 1);
INSERT INTO `ssc_award_info` VALUES (79, '190107-080', '97424', 1546860002, 1546860122, 0);
INSERT INTO `ssc_award_info` VALUES (80, '190107-081', '94939', 1546860601, 1546860722, 1);
INSERT INTO `ssc_award_info` VALUES (81, '190107-082', '82058', 1546861201, 1546861321, 0);
INSERT INTO `ssc_award_info` VALUES (82, '190107-083', '78154', 1546861801, 1546861922, 0);
INSERT INTO `ssc_award_info` VALUES (83, '190107-084', '96632', 1546862401, 1546862582, 0);
INSERT INTO `ssc_award_info` VALUES (84, '190107-085', '43527', 1546863002, 1546863122, 1);
INSERT INTO `ssc_award_info` VALUES (85, '190107-086', '76999', 1546863601, 1546863722, 1);
INSERT INTO `ssc_award_info` VALUES (86, '190107-087', '14719', 1546864201, 1546864322, 1);
INSERT INTO `ssc_award_info` VALUES (87, '190107-088', '99682', 1546864201, 1546864923, 0);
INSERT INTO `ssc_award_info` VALUES (88, '190107-089', '38611', 1546864801, 1546865521, 1);
INSERT INTO `ssc_award_info` VALUES (89, '190107-090', '81782', 1546865401, 1546866181, 0);
INSERT INTO `ssc_award_info` VALUES (90, '190107-091', '94829', 1546866002, 1546866722, 1);
INSERT INTO `ssc_award_info` VALUES (91, '190107-092', '52535', 1546866601, 1546867322, 1);
INSERT INTO `ssc_award_info` VALUES (92, '190107-093', '17426', 1546867201, 1546867922, 0);
INSERT INTO `ssc_award_info` VALUES (93, '190107-094', '45080', 1546867801, 1546868522, 0);
INSERT INTO `ssc_award_info` VALUES (94, '190107-095', '15268', 1546868402, 1546869781, 0);
INSERT INTO `ssc_award_info` VALUES (95, '190107-096', '80861', 1546869001, 1546869782, 1);
INSERT INTO `ssc_award_info` VALUES (96, '190108-024', '85979', 1546912801, 1546912982, 1);
INSERT INTO `ssc_award_info` VALUES (97, '190108-025', '75761', 1546913401, 1546913522, 1);
INSERT INTO `ssc_award_info` VALUES (98, '190108-026', '59267', 1546914002, 1546914122, 1);
INSERT INTO `ssc_award_info` VALUES (99, '190108-027', '38330', 1546914602, 1546914722, 0);
INSERT INTO `ssc_award_info` VALUES (100, '190108-028', '65263', 1546915201, 1546915321, 1);
INSERT INTO `ssc_award_info` VALUES (101, '190108-029', '67158', 1546915801, 1546915921, 0);
INSERT INTO `ssc_award_info` VALUES (102, '190108-030', '69464', 1546916401, 1546916582, 0);
INSERT INTO `ssc_award_info` VALUES (103, '190108-031', '73818', 1546917001, 1546917122, 0);
INSERT INTO `ssc_award_info` VALUES (104, '190108-032', '07104', 1546917602, 1546917721, 0);
INSERT INTO `ssc_award_info` VALUES (105, '190108-033', '89025', 1546918201, 1546918322, 1);
INSERT INTO `ssc_award_info` VALUES (106, '190108-034', '16517', 1546918801, 1546919522, 1);
INSERT INTO `ssc_award_info` VALUES (107, '190108-035', '28707', 1546919401, 1546919522, 1);
INSERT INTO `ssc_award_info` VALUES (108, '190108-036', '34090', 1546920002, 1546920181, 0);
INSERT INTO `ssc_award_info` VALUES (109, '190108-037', '05459', 1546920601, 1546920722, 1);
INSERT INTO `ssc_award_info` VALUES (110, '190108-038', '62600', 1546921201, 1546921322, 0);
INSERT INTO `ssc_award_info` VALUES (111, '190108-039', '47119', 1546921802, 1546921922, 1);
INSERT INTO `ssc_award_info` VALUES (112, '190108-040', '57457', 1546922401, 1546922522, 1);
INSERT INTO `ssc_award_info` VALUES (113, '190108-041', '86934', 1546923001, 1546923122, 0);
INSERT INTO `ssc_award_info` VALUES (114, '190108-042', '55534', 1546923602, 1546923782, 0);
INSERT INTO `ssc_award_info` VALUES (115, '190108-043', '11631', 1546924201, 1546924322, 1);
INSERT INTO `ssc_award_info` VALUES (116, '190108-044', '65080', 1546924801, 1546924921, 0);
INSERT INTO `ssc_award_info` VALUES (117, '190108-045', '65662', 1546925401, 1546925522, 0);
INSERT INTO `ssc_award_info` VALUES (118, '190108-046', '95408', 1546926001, 1546926121, 0);
INSERT INTO `ssc_award_info` VALUES (119, '190108-047', '87133', 1546926601, 1546926722, 1);
INSERT INTO `ssc_award_info` VALUES (120, '190108-048', '75759', 1546927201, 1546927383, 1);
INSERT INTO `ssc_award_info` VALUES (121, '190108-049', '40321', 1546927802, 1546927921, 1);
INSERT INTO `ssc_award_info` VALUES (122, '190108-050', '08136', 1546928402, 1546928522, 0);
INSERT INTO `ssc_award_info` VALUES (123, '190108-051', '59419', 1546929002, 1546929122, 1);
INSERT INTO `ssc_award_info` VALUES (124, '190108-052', '76913', 1546929601, 1546929722, 1);
INSERT INTO `ssc_award_info` VALUES (125, '190108-053', '40339', 1546930202, 1546930982, 1);
INSERT INTO `ssc_award_info` VALUES (126, '190108-054', '02086', 1546930801, 1546930982, 0);
INSERT INTO `ssc_award_info` VALUES (127, '190108-055', '33787', 1546931401, 1546932121, 1);
INSERT INTO `ssc_award_info` VALUES (128, '190108-056', '58786', 1546932002, 1546932121, 0);
INSERT INTO `ssc_award_info` VALUES (129, '190108-057', '44311', 1546932602, 1546932722, 1);
INSERT INTO `ssc_award_info` VALUES (130, '190108-058', '76050', 1546933201, 1546933322, 0);
INSERT INTO `ssc_award_info` VALUES (131, '190108-059', '94624', 1546933801, 1546933922, 0);
INSERT INTO `ssc_award_info` VALUES (132, '190108-060', '50962', 1546934401, 1546934581, 0);
INSERT INTO `ssc_award_info` VALUES (133, '190108-061', '57649', 1546935002, 1546935123, 1);
INSERT INTO `ssc_award_info` VALUES (134, '190108-062', '97451', 1546935601, 1546935722, 1);
INSERT INTO `ssc_award_info` VALUES (135, '190108-063', '85618', 1546936201, 1546936922, 0);
INSERT INTO `ssc_award_info` VALUES (136, '190108-064', '34666', 1546936801, 1546936922, 0);
INSERT INTO `ssc_award_info` VALUES (137, '190108-065', '09506', 1546937401, 1546937523, 0);
INSERT INTO `ssc_award_info` VALUES (138, '190108-066', '90286', 1546938001, 1546938181, 0);
INSERT INTO `ssc_award_info` VALUES (139, '190108-067', '42313', 1546938601, 1546938721, 1);
INSERT INTO `ssc_award_info` VALUES (140, '190108-068', '87728', 1546939202, 1546939322, 0);
INSERT INTO `ssc_award_info` VALUES (141, '190108-069', '14022', 1546939801, 1546939922, 0);
INSERT INTO `ssc_award_info` VALUES (142, '190108-070', '31935', 1546940402, 1546940522, 1);
INSERT INTO `ssc_award_info` VALUES (143, '190108-071', '43404', 1546941001, 1546941122, 0);
INSERT INTO `ssc_award_info` VALUES (144, '190108-072', '07220', 1546941602, 1546941781, 0);
INSERT INTO `ssc_award_info` VALUES (145, '190108-073', '88228', 1546942201, 1546942322, 0);
INSERT INTO `ssc_award_info` VALUES (146, '190108-074', '96206', 1546942801, 1546942922, 0);
INSERT INTO `ssc_award_info` VALUES (147, '190108-075', '42853', 1546943401, 1546943522, 1);
INSERT INTO `ssc_award_info` VALUES (148, '190108-076', '77745', 1546944001, 1546944121, 1);
INSERT INTO `ssc_award_info` VALUES (149, '190108-077', '64227', 1546944601, 1546944722, 1);
INSERT INTO `ssc_award_info` VALUES (150, '190108-078', '93501', 1546945201, 1546945382, 1);
INSERT INTO `ssc_award_info` VALUES (151, '190108-079', '76924', 1546945802, 1546945921, 0);
INSERT INTO `ssc_award_info` VALUES (152, '190108-080', '31218', 1546946401, 1546946522, 0);
INSERT INTO `ssc_award_info` VALUES (153, '190108-081', '09043', 1546947001, 1546947122, 1);
INSERT INTO `ssc_award_info` VALUES (154, '190108-082', '02268', 1546947601, 1546947722, 0);
INSERT INTO `ssc_award_info` VALUES (155, '190108-083', '07319', 1546948201, 1546948322, 1);
INSERT INTO `ssc_award_info` VALUES (156, '190108-084', '65219', 1546948801, 1546948982, 1);
INSERT INTO `ssc_award_info` VALUES (157, '190108-085', '13968', 1546949401, 1546949522, 0);
INSERT INTO `ssc_award_info` VALUES (158, '190108-086', '31859', 1546950001, 1546950122, 1);
INSERT INTO `ssc_award_info` VALUES (159, '190108-087', '76089', 1546950601, 1546950722, 1);
INSERT INTO `ssc_award_info` VALUES (160, '190108-088', '28129', 1546951201, 1546951322, 1);
INSERT INTO `ssc_award_info` VALUES (161, '190108-089', '94874', 1546951802, 1546951921, 0);
INSERT INTO `ssc_award_info` VALUES (162, '190108-090', '90221', 1546952038, 1546952582, 1);
INSERT INTO `ssc_award_info` VALUES (163, '190108-091', '39980', 1546952401, 1546953122, 0);
INSERT INTO `ssc_award_info` VALUES (164, '190108-092', '95371', 1546953001, 1546953723, 1);
INSERT INTO `ssc_award_info` VALUES (165, '190108-093', '80397', 1546953601, 1546954322, 1);
INSERT INTO `ssc_award_info` VALUES (166, '190108-094', '06621', 1546954201, 1546954922, 1);
INSERT INTO `ssc_award_info` VALUES (167, '190108-095', '11257', 1546954801, 1546955521, 1);
INSERT INTO `ssc_award_info` VALUES (168, '190108-096', '05393', 1546955401, 1546956182, 1);
INSERT INTO `ssc_award_info` VALUES (169, '190109-024', '47054', 1546999201, 1546999381, 0);
INSERT INTO `ssc_award_info` VALUES (170, '190109-025', '90276', 1546999801, 1546999921, 0);
INSERT INTO `ssc_award_info` VALUES (171, '190109-026', '71083', 1547000402, 1547000521, 1);
INSERT INTO `ssc_award_info` VALUES (172, '190109-027', '36552', 1547001001, 1547001122, 0);
INSERT INTO `ssc_award_info` VALUES (173, '190109-028', '14228', 1547001601, 1547001722, 0);
INSERT INTO `ssc_award_info` VALUES (174, '190109-029', '87882', 1547002201, 1547002321, 0);
INSERT INTO `ssc_award_info` VALUES (175, '190109-030', '04799', 1547002801, 1547002982, 1);
INSERT INTO `ssc_award_info` VALUES (176, '190109-031', '43668', 1547003402, 1547003523, 0);
INSERT INTO `ssc_award_info` VALUES (177, '190109-032', '46346', 1547004001, 1547004122, 0);
INSERT INTO `ssc_award_info` VALUES (178, '190109-033', '59506', 1547004601, 1547004722, 0);
INSERT INTO `ssc_award_info` VALUES (179, '190109-034', '48672', 1547005201, 1547005322, 0);
INSERT INTO `ssc_award_info` VALUES (180, '190109-035', '79227', 1547005802, 1547005921, 1);
INSERT INTO `ssc_award_info` VALUES (181, '190109-036', '66674', 1547006401, 1547006582, 0);
INSERT INTO `ssc_award_info` VALUES (182, '190109-037', '49875', 1547007001, 1547007122, 1);
INSERT INTO `ssc_award_info` VALUES (183, '190109-038', '20393', 1547007601, 1547007723, 1);
INSERT INTO `ssc_award_info` VALUES (184, '190109-039', '83142', 1547008201, 1547008923, 0);
INSERT INTO `ssc_award_info` VALUES (185, '190109-040', '85834', 1547008801, 1547009522, 0);
INSERT INTO `ssc_award_info` VALUES (186, '190109-041', '55655', 1547009401, 1547010182, 1);
INSERT INTO `ssc_award_info` VALUES (187, '190109-042', '86979', 1547010002, 1547010722, 1);
INSERT INTO `ssc_award_info` VALUES (188, '190109-043', '74383', 1547010601, 1547011322, 1);
INSERT INTO `ssc_award_info` VALUES (189, '190109-044', '45476', 1547011201, 1547011922, 0);
INSERT INTO `ssc_award_info` VALUES (190, '190109-045', '62074', 1547011801, 1547012523, 0);
INSERT INTO `ssc_award_info` VALUES (191, '190109-046', '92181', 1547012401, 1547013122, 1);
INSERT INTO `ssc_award_info` VALUES (192, '190109-047', '70826', 1547013001, 1547013781, 0);
INSERT INTO `ssc_award_info` VALUES (193, '190109-048', '81089', 1547013601, 1547014323, 1);
INSERT INTO `ssc_award_info` VALUES (194, '190109-049', '26351', 1547014202, 1547014923, 1);
INSERT INTO `ssc_award_info` VALUES (195, '190109-050', '47715', 1547014801, 1547015522, 1);
INSERT INTO `ssc_award_info` VALUES (196, '190109-051', '96132', 1547015401, 1547016122, 0);
INSERT INTO `ssc_award_info` VALUES (197, '190109-052', '04107', 1547016001, 1547016722, 1);
INSERT INTO `ssc_award_info` VALUES (198, '190109-053', '26824', 1547016601, 1547017382, 0);
INSERT INTO `ssc_award_info` VALUES (199, '190109-054', '20484', 1547017202, 1547017922, 0);
INSERT INTO `ssc_award_info` VALUES (200, '190109-055', '80765', 1547017801, 1547018521, 1);
INSERT INTO `ssc_award_info` VALUES (201, '190109-056', '61285', 1547018402, 1547019122, 1);
INSERT INTO `ssc_award_info` VALUES (202, '190109-057', '55826', 1547019001, 1547019722, 0);
INSERT INTO `ssc_award_info` VALUES (203, '190109-058', '62647', 1547019601, 1547020321, 1);
INSERT INTO `ssc_award_info` VALUES (204, '190109-059', '50236', 1547020202, 1547020982, 0);
INSERT INTO `ssc_award_info` VALUES (205, '190109-060', '08707', 1547020801, 1547021522, 1);
INSERT INTO `ssc_award_info` VALUES (206, '190109-061', '04885', 1547021401, 1547022122, 1);
INSERT INTO `ssc_award_info` VALUES (207, '190109-062', '43723', 1547022001, 1547022722, 1);
INSERT INTO `ssc_award_info` VALUES (208, '190109-063', '10213', 1547022601, 1547023322, 1);
INSERT INTO `ssc_award_info` VALUES (209, '190109-064', '08050', 1547023202, 1547023922, 0);
INSERT INTO `ssc_award_info` VALUES (210, '190109-065', '63385', 1547023801, 1547024581, 1);
INSERT INTO `ssc_award_info` VALUES (211, '190109-066', '91973', 1547024401, 1547025122, 1);
INSERT INTO `ssc_award_info` VALUES (212, '190109-067', '77760', 1547025001, 1547025723, 0);
INSERT INTO `ssc_award_info` VALUES (213, '190109-068', '21708', 1547025602, 1547026322, 0);
INSERT INTO `ssc_award_info` VALUES (214, '190109-069', '36604', 1547026201, 1547026922, 0);
INSERT INTO `ssc_award_info` VALUES (215, '190109-070', '07893', 1547026801, 1547027521, 1);
INSERT INTO `ssc_award_info` VALUES (216, '190109-071', '98925', 1547027401, 1547028183, 1);
INSERT INTO `ssc_award_info` VALUES (217, '190109-072', '68587', 1547028002, 1547028722, 1);
INSERT INTO `ssc_award_info` VALUES (218, '190109-073', '89664', 1547028601, 1547029322, 0);
INSERT INTO `ssc_award_info` VALUES (219, '190109-074', '66407', 1547029201, 1547029921, 1);
INSERT INTO `ssc_award_info` VALUES (220, '190109-075', '28778', 1547029801, 1547030522, 0);
INSERT INTO `ssc_award_info` VALUES (221, '190109-076', '80454', 1547030401, 1547031122, 0);
INSERT INTO `ssc_award_info` VALUES (222, '190109-077', '64117', 1547031001, 1547031782, 1);
INSERT INTO `ssc_award_info` VALUES (223, '190109-078', '75244', 1547031602, 1547032322, 0);
INSERT INTO `ssc_award_info` VALUES (224, '190109-079', '38380', 1547032201, 1547032922, 0);
INSERT INTO `ssc_award_info` VALUES (225, '190109-080', '62714', 1547032801, 1547033522, 0);
INSERT INTO `ssc_award_info` VALUES (226, '190109-081', '20154', 1547033401, 1547034122, 0);
INSERT INTO `ssc_award_info` VALUES (227, '190109-082', '78288', 1547034001, 1547034723, 0);
INSERT INTO `ssc_award_info` VALUES (228, '190109-083', '73868', 1547034601, 1547035383, 0);
INSERT INTO `ssc_award_info` VALUES (229, '190109-084', '49055', 1547035201, 1547035921, 1);
INSERT INTO `ssc_award_info` VALUES (230, '190109-085', '49269', 1547035801, 1547036521, 1);
INSERT INTO `ssc_award_info` VALUES (231, '190109-086', '73497', 1547036401, 1547037122, 1);
INSERT INTO `ssc_award_info` VALUES (232, '190109-087', '44027', 1547037002, 1547037722, 1);
INSERT INTO `ssc_award_info` VALUES (233, '190109-088', '22848', 1547037601, 1547038322, 0);
INSERT INTO `ssc_award_info` VALUES (234, '190109-089', '05214', 1547038201, 1547038982, 0);
INSERT INTO `ssc_award_info` VALUES (235, '190109-090', '03049', 1547038801, 1547039521, 1);
INSERT INTO `ssc_award_info` VALUES (236, '190109-091', '33502', 1547039401, 1547040121, 0);
INSERT INTO `ssc_award_info` VALUES (237, '190109-092', '35127', 1547040001, 1547040722, 1);
INSERT INTO `ssc_award_info` VALUES (238, '190109-093', '44234', 1547040601, 1547041323, 0);
INSERT INTO `ssc_award_info` VALUES (239, '190109-094', '59137', 1547041201, 1547041921, 1);
INSERT INTO `ssc_award_info` VALUES (240, '190109-095', '97145', 1547041801, 1547042582, 1);
INSERT INTO `ssc_award_info` VALUES (241, '190110-024', '23320', 1547085601, 1547087521, 0);
INSERT INTO `ssc_award_info` VALUES (242, '190110-025', '56158', 1547086201, 1547087522, 0);
INSERT INTO `ssc_award_info` VALUES (243, '190110-026', '42274', 1547086801, 1547087522, 0);
INSERT INTO `ssc_award_info` VALUES (244, '190110-027', NULL, 1547087401, NULL, NULL);
INSERT INTO `ssc_award_info` VALUES (245, '190110-028', NULL, 1547088001, NULL, NULL);
INSERT INTO `ssc_award_info` VALUES (246, '190110-029', '89223', 1547088601, 1547090522, 1);
INSERT INTO `ssc_award_info` VALUES (247, '190110-030', '54769', 1547089201, 1547090522, 1);
INSERT INTO `ssc_award_info` VALUES (248, '190110-031', '91342', 1547089801, 1547090522, 0);
INSERT INTO `ssc_award_info` VALUES (249, '190110-032', '37845', 1547090401, 1547091123, 1);
INSERT INTO `ssc_award_info` VALUES (250, '190110-033', '99511', 1547091001, 1547091722, 1);
INSERT INTO `ssc_award_info` VALUES (251, '190110-034', '00231', 1547091601, 1547092322, 1);
INSERT INTO `ssc_award_info` VALUES (252, '190110-035', '62778', 1547092201, 1547092982, 0);
INSERT INTO `ssc_award_info` VALUES (253, '190110-036', '16656', 1547092801, 1547093522, 0);
INSERT INTO `ssc_award_info` VALUES (254, '190110-037', '67749', 1547093402, 1547094122, 1);
INSERT INTO `ssc_award_info` VALUES (255, '190110-038', '81978', 1547094001, 1547095321, 0);
INSERT INTO `ssc_award_info` VALUES (256, '190110-039', '13952', 1547094601, 1547095321, 0);
INSERT INTO `ssc_award_info` VALUES (257, '190110-040', '01151', 1547095202, 1547095921, 1);
INSERT INTO `ssc_award_info` VALUES (258, '190110-041', '45459', 1547095801, 1547096582, 1);
INSERT INTO `ssc_award_info` VALUES (259, '190110-042', '69794', 1547096401, 1547097122, 0);
INSERT INTO `ssc_award_info` VALUES (260, '190110-043', '39305', 1547097001, 1547097722, 1);
INSERT INTO `ssc_award_info` VALUES (261, '190110-044', '76603', 1547097601, 1547098322, 1);
INSERT INTO `ssc_award_info` VALUES (262, '190110-045', '33682', 1547098201, 1547098921, 0);
INSERT INTO `ssc_award_info` VALUES (263, '190110-046', '71594', 1547098801, 1547099522, 0);
INSERT INTO `ssc_award_info` VALUES (264, '190110-047', '18622', 1547099401, 1547100182, 0);
INSERT INTO `ssc_award_info` VALUES (265, '190110-048', '80819', 1547100001, 1547100182, 1);
INSERT INTO `ssc_award_info` VALUES (266, '190110-049', '90773', 1547100601, 1547101322, 1);
INSERT INTO `ssc_award_info` VALUES (267, '190110-050', '58965', 1547101201, 1547101923, 1);
INSERT INTO `ssc_award_info` VALUES (268, '190110-051', '40673', 1547101801, 1547102522, 1);
INSERT INTO `ssc_award_info` VALUES (269, '190110-052', '16226', 1547102402, 1547103122, 0);
INSERT INTO `ssc_award_info` VALUES (270, '190110-053', '49164', 1547103001, 1547103781, 0);
INSERT INTO `ssc_award_info` VALUES (271, '190110-054', '70437', 1547103601, 1547104321, 1);
INSERT INTO `ssc_award_info` VALUES (272, '190110-055', '23766', 1547104201, 1547104923, 0);
INSERT INTO `ssc_award_info` VALUES (273, '190110-056', '00257', 1547104802, 1547105521, 1);
INSERT INTO `ssc_award_info` VALUES (274, '190110-057', '89643', 1547105401, 1547106121, 1);
INSERT INTO `ssc_award_info` VALUES (275, '190110-058', '38191', 1547106001, 1547106722, 1);
INSERT INTO `ssc_award_info` VALUES (276, '190110-059', '85008', 1547106601, 1547107382, 0);
INSERT INTO `ssc_award_info` VALUES (277, '190110-060', '96626', 1547107201, 1547107921, 0);
INSERT INTO `ssc_award_info` VALUES (278, '190110-061', '54768', 1547107801, 1547108522, 0);
INSERT INTO `ssc_award_info` VALUES (279, '190110-062', '03973', 1547108401, 1547109122, 1);
INSERT INTO `ssc_award_info` VALUES (280, '190110-063', '99877', 1547109001, 1547109722, 1);
INSERT INTO `ssc_award_info` VALUES (281, '190110-064', '42562', 1547109601, 1547110322, 0);
INSERT INTO `ssc_award_info` VALUES (282, '190110-065', '51561', 1547110201, 1547110983, 1);
INSERT INTO `ssc_award_info` VALUES (283, '190110-066', '04185', 1547110801, 1547112123, 1);
INSERT INTO `ssc_award_info` VALUES (284, '190110-067', '40288', 1547111401, 1547112123, 0);
INSERT INTO `ssc_award_info` VALUES (285, '190110-068', '63571', 1547112001, 1547112722, 1);
INSERT INTO `ssc_award_info` VALUES (286, '190110-069', '58121', 1547112601, 1547113322, 1);
INSERT INTO `ssc_award_info` VALUES (287, '190110-070', '68198', 1547113202, 1547113921, 0);
INSERT INTO `ssc_award_info` VALUES (288, '190110-071', '66200', 1547113801, 1547114582, 0);
INSERT INTO `ssc_award_info` VALUES (289, '190110-072', '91450', 1547114401, 1547115122, 0);
INSERT INTO `ssc_award_info` VALUES (290, '190110-073', '17236', 1547115001, 1547115723, 0);
INSERT INTO `ssc_award_info` VALUES (291, '190110-074', '20595', 1547115601, 1547116323, 1);
INSERT INTO `ssc_award_info` VALUES (292, '190110-075', '01967', 1547116201, 1547117522, 1);
INSERT INTO `ssc_award_info` VALUES (293, '190110-076', '57583', 1547116801, 1547117522, 1);
INSERT INTO `ssc_award_info` VALUES (294, '190110-077', '08657', 1547117402, 1547118181, 1);
INSERT INTO `ssc_award_info` VALUES (295, '190110-078', '81962', 1547118002, 1547118721, 0);
INSERT INTO `ssc_award_info` VALUES (296, '190110-079', '70907', 1547118601, 1547119322, 1);
INSERT INTO `ssc_award_info` VALUES (297, '190110-080', '60691', 1547119202, 1547119921, 1);
INSERT INTO `ssc_award_info` VALUES (298, '190110-081', '04718', 1547119802, 1547120522, 0);
INSERT INTO `ssc_award_info` VALUES (299, '190110-082', '32285', 1547120401, 1547121121, 1);
INSERT INTO `ssc_award_info` VALUES (300, '190110-083', '42551', 1547121001, 1547121781, 1);
INSERT INTO `ssc_award_info` VALUES (301, '190110-084', '80783', 1547121601, 1547122321, 1);
INSERT INTO `ssc_award_info` VALUES (302, '190110-085', '64802', 1547122201, 1547122922, 0);
INSERT INTO `ssc_award_info` VALUES (303, '190110-086', '18417', 1547122801, 1547123522, 1);
INSERT INTO `ssc_award_info` VALUES (304, '190110-087', '27896', 1547123401, 1547124122, 0);
INSERT INTO `ssc_award_info` VALUES (305, '190110-088', '12098', 1547124001, 1547124723, 0);
INSERT INTO `ssc_award_info` VALUES (306, '190110-089', NULL, 1547124602, NULL, NULL);

-- ----------------------------
-- Table structure for ssc_extract
-- ----------------------------
DROP TABLE IF EXISTS `ssc_extract`;
CREATE TABLE `ssc_extract`  (
  `id` int(11) NOT NULL AUTO_INCREMENT,
  `user_id` int(10) NOT NULL,
  `amount` int(10) NOT NULL COMMENT '提现金额',
  `real_amount` int(11) NOT NULL COMMENT '实际到账金额',
  `way` varchar(20) CHARACTER SET utf8 COLLATE utf8_general_ci NOT NULL,
  `alipay_id` int(11) NOT NULL COMMENT '绑定支付宝id',
  `status` int(1) NOT NULL COMMENT '提现状态，0-失败，1-成功,2-待处理',
  `created_date` int(11) NOT NULL COMMENT '提现时间',
  `updated_date` int(11) NULL DEFAULT NULL,
  `refuse_reason` varchar(255) CHARACTER SET utf8 COLLATE utf8_general_ci NULL DEFAULT NULL COMMENT '被拒绝理由',
  PRIMARY KEY (`id`) USING BTREE
) ENGINE = InnoDB AUTO_INCREMENT = 19 CHARACTER SET = utf8 COLLATE = utf8_general_ci COMMENT = '用户提现表' ROW_FORMAT = Dynamic;

-- ----------------------------
-- Records of ssc_extract
-- ----------------------------
INSERT INTO `ssc_extract` VALUES (1, 10, 10, 9, '支付宝', 2, 2, 1546674671, NULL, NULL);
INSERT INTO `ssc_extract` VALUES (2, 10, 10, 9, '支付宝', 2, 2, 1546674856, NULL, NULL);
INSERT INTO `ssc_extract` VALUES (3, 10, 10, 9, '支付宝', 2, 2, 1546674912, NULL, NULL);
INSERT INTO `ssc_extract` VALUES (4, 10, 10, 9, '支付宝', 2, 2, 1546674992, NULL, NULL);
INSERT INTO `ssc_extract` VALUES (5, 10, 100, 90, '支付宝', 2, 2, 1546675219, NULL, NULL);
INSERT INTO `ssc_extract` VALUES (6, 10, 10, 9, '支付宝', 2, 2, 1546746400, NULL, NULL);
INSERT INTO `ssc_extract` VALUES (7, 10, 10, 9, '支付宝', 2, 2, 1546759859, NULL, NULL);
INSERT INTO `ssc_extract` VALUES (8, 10, 100, 90, '支付宝', 2, 2, 1546761328, NULL, NULL);
INSERT INTO `ssc_extract` VALUES (9, 10, 5, 4, '支付宝', 2, 2, 1546765560, NULL, NULL);
INSERT INTO `ssc_extract` VALUES (10, 10, 10, 9, '支付宝', 2, 2, 1546765717, NULL, NULL);
INSERT INTO `ssc_extract` VALUES (11, 10, 5, 4, '支付宝', 2, 2, 1546765925, NULL, NULL);
INSERT INTO `ssc_extract` VALUES (12, 10, 10, 9, '支付宝', 2, 2, 1546765938, NULL, NULL);
INSERT INTO `ssc_extract` VALUES (13, 10, 10, 9, '支付宝', 2, 2, 1546765939, NULL, NULL);
INSERT INTO `ssc_extract` VALUES (14, 10, 5, 4, '支付宝', 2, 2, 1546766091, NULL, NULL);
INSERT INTO `ssc_extract` VALUES (15, 10, 5, 4, '支付宝', 2, 2, 1546766093, NULL, NULL);
INSERT INTO `ssc_extract` VALUES (16, 10, 10, 9, '支付宝', 2, 2, 1546766143, NULL, NULL);
INSERT INTO `ssc_extract` VALUES (17, 10, 6, 5, '支付宝', 2, 2, 1546766152, NULL, NULL);
INSERT INTO `ssc_extract` VALUES (18, 10, 20, 18, '支付宝', 2, 2, 1546867045, NULL, NULL);

-- ----------------------------
-- Table structure for ssc_goods
-- ----------------------------
DROP TABLE IF EXISTS `ssc_goods`;
CREATE TABLE `ssc_goods`  (
  `id` int(10) NOT NULL AUTO_INCREMENT,
  `name` varchar(255) CHARACTER SET utf8 COLLATE utf8_general_ci NOT NULL COMMENT '商品名称',
  `price` int(10) NOT NULL COMMENT '商品价格',
  `success_price` int(10) NOT NULL COMMENT '升级成功后价格',
  `pic_url` varchar(255) CHARACTER SET utf8 COLLATE utf8_general_ci NULL DEFAULT NULL COMMENT '图片地址',
  PRIMARY KEY (`id`) USING BTREE
) ENGINE = InnoDB AUTO_INCREMENT = 5 CHARACTER SET = utf8 COLLATE = utf8_general_ci ROW_FORMAT = Dynamic;

-- ----------------------------
-- Records of ssc_goods
-- ----------------------------
INSERT INTO `ssc_goods` VALUES (1, '上品柠檬红茶', 88, 118, '\\static\\goods\\goods_1.png');
INSERT INTO `ssc_goods` VALUES (2, '桐木关金骏眉', 128, 179, '\\static\\goods\\goods_2.png');
INSERT INTO `ssc_goods` VALUES (3, '清香手工铁观音', 188, 272, '\\static\\goods\\goods_3.png');
INSERT INTO `ssc_goods` VALUES (4, '特级烟熏正山小种', 268, 393, '\\static\\goods\\goods_4.png');

-- ----------------------------
-- Table structure for ssc_group_income
-- ----------------------------
DROP TABLE IF EXISTS `ssc_group_income`;
CREATE TABLE `ssc_group_income`  (
  `id` int(11) NOT NULL AUTO_INCREMENT,
  `user_id` int(10) NOT NULL COMMENT '用户id',
  `income` float NOT NULL COMMENT '今日团队收入',
  `bonus` float NOT NULL COMMENT '用户分红,团队收入乘分成比例',
  `out` float NOT NULL COMMENT '今日支出',
  `created_date` int(11) NOT NULL COMMENT '创建时间',
  PRIMARY KEY (`id`) USING BTREE,
  INDEX ```created_date```(`created_date`) USING BTREE
) ENGINE = InnoDB AUTO_INCREMENT = 6 CHARACTER SET = utf8 COLLATE = utf8_general_ci COMMENT = '团队表' ROW_FORMAT = Dynamic;

-- ----------------------------
-- Records of ssc_group_income
-- ----------------------------
INSERT INTO `ssc_group_income` VALUES (1, 8, 0, -0, 81, 1546614001);
INSERT INTO `ssc_group_income` VALUES (2, 8, 194.4, 0, 51, 1546700401);
INSERT INTO `ssc_group_income` VALUES (3, 8, 115.2, 0, 90, 1546873201);
INSERT INTO `ssc_group_income` VALUES (4, 8, 975.6, 0, 81, 1546959601);
INSERT INTO `ssc_group_income` VALUES (5, 8, 399.6, 0, 125, 1547046001);

-- ----------------------------
-- Table structure for ssc_gussing
-- ----------------------------
DROP TABLE IF EXISTS `ssc_gussing`;
CREATE TABLE `ssc_gussing`  (
  `id` int(11) NOT NULL AUTO_INCREMENT,
  `user_id` int(10) NOT NULL,
  `goods_id` int(3) NOT NULL COMMENT '选择商品的id',
  `goods_sum` int(10) NOT NULL,
  `status` bit(1) NOT NULL COMMENT '0-失败，1-成功',
  `created_date` int(11) NOT NULL COMMENT '下单时间',
  `updated_date` int(11) NULL DEFAULT NULL,
  PRIMARY KEY (`id`) USING BTREE
) ENGINE = InnoDB AUTO_INCREMENT = 1 CHARACTER SET = utf8 COLLATE = utf8_general_ci COMMENT = '下注记录表' ROW_FORMAT = Dynamic;

-- ----------------------------
-- Table structure for ssc_order
-- ----------------------------
DROP TABLE IF EXISTS `ssc_order`;
CREATE TABLE `ssc_order`  (
  `id` int(11) NOT NULL AUTO_INCREMENT,
  `user_id` int(11) NOT NULL COMMENT '用户id',
  `goods_id` int(11) NOT NULL COMMENT '商品id',
  `goods_num` int(5) NOT NULL COMMENT '购买商品数量',
  `amount` int(10) NOT NULL DEFAULT 0 COMMENT '总价格',
  `created_date` int(11) NOT NULL COMMENT '创建时间',
  `guessing` tinyint(1) NOT NULL COMMENT '升级选择，1-丰年，0-瑞雪',
  `award_id` int(11) NOT NULL COMMENT '竞猜期数，award_info表的id',
  `status` tinyint(4) NOT NULL DEFAULT 0 COMMENT '状态，1-退款中，2-提货中，3-已提货，4-已退款，5-已转为金币',
  `refuse_reason` varchar(255) CHARACTER SET utf8 COLLATE utf8_general_ci NULL DEFAULT NULL COMMENT '被拒绝理由',
  PRIMARY KEY (`id`) USING BTREE,
  INDEX `user_id`(`user_id`) USING BTREE,
  INDEX `award_id`(`award_id`) USING BTREE
) ENGINE = InnoDB AUTO_INCREMENT = 30 CHARACTER SET = utf8 COLLATE = utf8_general_ci ROW_FORMAT = Dynamic;

-- ----------------------------
-- Records of ssc_order
-- ----------------------------
INSERT INTO `ssc_order` VALUES (10, 11, 1, 1, 88, 1546864560, 0, 87, 0, NULL);
INSERT INTO `ssc_order` VALUES (11, 11, 1, 1, 88, 1546866060, 1, 90, 0, NULL);
INSERT INTO `ssc_order` VALUES (12, 11, 1, 1, 88, 1546867594, 0, 92, 0, NULL);
INSERT INTO `ssc_order` VALUES (13, 10, 2, 1, 128, 1546867633, 1, 92, 5, NULL);
INSERT INTO `ssc_order` VALUES (14, 11, 1, 1, 88, 1546950010, 0, 157, 0, NULL);
INSERT INTO `ssc_order` VALUES (15, 10, 2, 1, 128, 1546950049, 0, 158, 5, NULL);
INSERT INTO `ssc_order` VALUES (16, 10, 2, 1, 128, 1546951329, 0, 160, 5, NULL);
INSERT INTO `ssc_order` VALUES (17, 10, 2, 1, 128, 1546951675, 0, 160, 5, NULL);
INSERT INTO `ssc_order` VALUES (18, 10, 2, 1, 128, 1546951867, 0, 160, 5, NULL);
INSERT INTO `ssc_order` VALUES (19, 10, 2, 1, 128, 1546951904, 0, 161, 1, NULL);
INSERT INTO `ssc_order` VALUES (20, 10, 2, 1, 128, 1546952111, 0, 162, 5, NULL);
INSERT INTO `ssc_order` VALUES (21, 10, 2, 1, 128, 1546953024, 0, 164, 0, NULL);
INSERT INTO `ssc_order` VALUES (22, 10, 2, 1, 128, 1546953418, 0, 164, 2, NULL);
INSERT INTO `ssc_order` VALUES (23, 10, 3, 1, 188, 1546955413, 0, 168, 5, NULL);
INSERT INTO `ssc_order` VALUES (24, 10, 4, 1, 268, 1547026872, 0, 215, 0, NULL);
INSERT INTO `ssc_order` VALUES (25, 10, 1, 1, 88, 1547027594, 0, 216, 0, NULL);
INSERT INTO `ssc_order` VALUES (26, 10, 4, 1, 268, 1547034688, 0, 228, 0, NULL);
INSERT INTO `ssc_order` VALUES (27, 10, 1, 1, 88, 1547038204, 1, 233, 0, NULL);
INSERT INTO `ssc_order` VALUES (28, 10, 2, 1, 128, 1547122850, 1, 303, 0, NULL);
INSERT INTO `ssc_order` VALUES (29, 10, 1, 1, 88, 1547124052, 0, 305, 0, NULL);

-- ----------------------------
-- Table structure for ssc_recharge
-- ----------------------------
DROP TABLE IF EXISTS `ssc_recharge`;
CREATE TABLE `ssc_recharge`  (
  `id` int(11) NOT NULL AUTO_INCREMENT,
  `user_id` int(10) NOT NULL COMMENT '用户id',
  `amount` int(10) NOT NULL COMMENT '充值金额',
  `way` varchar(20) CHARACTER SET utf8 COLLATE utf8_general_ci NOT NULL COMMENT '充值方式',
  `status` tinyint(1) NOT NULL COMMENT '充值状态，2- 待处理，0-失败，1-成功',
  `created_date` int(11) NOT NULL,
  `updated_date` int(11) NULL DEFAULT NULL,
  `refuse_reason` varchar(255) CHARACTER SET utf8 COLLATE utf8_general_ci NULL DEFAULT NULL COMMENT '被拒绝理由',
  PRIMARY KEY (`id`) USING BTREE
) ENGINE = InnoDB AUTO_INCREMENT = 8 CHARACTER SET = utf8 COLLATE = utf8_general_ci COMMENT = '用户充值表' ROW_FORMAT = Dynamic;

-- ----------------------------
-- Records of ssc_recharge
-- ----------------------------
INSERT INTO `ssc_recharge` VALUES (5, 9, 10, '支付宝', 2, 1542205305, NULL, NULL);
INSERT INTO `ssc_recharge` VALUES (6, 9, 10, '微信', 2, 1542205321, NULL, NULL);
INSERT INTO `ssc_recharge` VALUES (7, 8, 10, '微信', 2, 1542630438, NULL, NULL);

-- ----------------------------
-- Table structure for ssc_user_role
-- ----------------------------
DROP TABLE IF EXISTS `ssc_user_role`;
CREATE TABLE `ssc_user_role`  (
  `id` int(5) NOT NULL AUTO_INCREMENT,
  `role_name` varchar(255) CHARACTER SET utf8 COLLATE utf8_general_ci NOT NULL,
  `proportion` float NOT NULL COMMENT '分红比例',
  PRIMARY KEY (`id`) USING BTREE
) ENGINE = InnoDB AUTO_INCREMENT = 6 CHARACTER SET = utf8 COLLATE = utf8_general_ci COMMENT = '用户角色表' ROW_FORMAT = Dynamic;

-- ----------------------------
-- Records of ssc_user_role
-- ----------------------------
INSERT INTO `ssc_user_role` VALUES (1, '超级管理员', 0);
INSERT INTO `ssc_user_role` VALUES (2, '一级团长', 0.1);
INSERT INTO `ssc_user_role` VALUES (3, '二级团长', 0.2);
INSERT INTO `ssc_user_role` VALUES (4, '三级团长', 0.3);
INSERT INTO `ssc_user_role` VALUES (5, '四级团长', 0.4);

-- ----------------------------
-- Table structure for ssc_users
-- ----------------------------
DROP TABLE IF EXISTS `ssc_users`;
CREATE TABLE `ssc_users`  (
  `id` int(11) NOT NULL AUTO_INCREMENT,
  `name` varchar(255) CHARACTER SET utf8 COLLATE utf8_general_ci NOT NULL COMMENT '用户名',
  `passwd` varchar(255) CHARACTER SET utf8 COLLATE utf8_general_ci NOT NULL COMMENT '密码',
  `role` tinyint(10) NOT NULL DEFAULT 0 COMMENT '角色，关联user_role表',
  `parent_id` int(10) NOT NULL DEFAULT 0 COMMENT '上级id',
  `money` int(10) NOT NULL DEFAULT 0 COMMENT '账户余额',
  `gold` int(10) NOT NULL DEFAULT 0 COMMENT '账户金币',
  `status` bit(1) NOT NULL DEFAULT b'1' COMMENT '账户状态，0-禁用，1-正常使用',
  `tel` bigint(15) NULL DEFAULT 0 COMMENT '电话号码',
  `created_date` int(11) NOT NULL,
  `email` varchar(50) CHARACTER SET utf8 COLLATE utf8_general_ci NOT NULL DEFAULT '',
  `photo` varchar(255) CHARACTER SET utf8 COLLATE utf8_general_ci NULL DEFAULT NULL COMMENT '头像url',
  `frozen_money` int(11) NULL DEFAULT 0 COMMENT '冻结金额',
  `frozen_gold` int(11) NULL DEFAULT 0 COMMENT '冻结金币',
  PRIMARY KEY (`id`) USING BTREE,
  INDEX `name`(`name`) USING BTREE,
  INDEX `parent_id`(`parent_id`) USING BTREE
) ENGINE = InnoDB AUTO_INCREMENT = 12 CHARACTER SET = utf8 COLLATE = utf8_general_ci COMMENT = '用户表' ROW_FORMAT = Dynamic;

-- ----------------------------
-- Records of ssc_users
-- ----------------------------
INSERT INTO `ssc_users` VALUES (8, 'wangc', 'ea03ad5da31bce15da58ce070035164d', 1, 0, 0, 0, b'1', 18868881888, 1542202990, '', '/uploads/photo_1.jpg', 0, 0);
INSERT INTO `ssc_users` VALUES (9, '1515927676', '11a27a75597141993543397dd0e8339f', 0, 0, 0, 0, b'1', 0, 1542205247, '', '/uploads/photo_1.jpg', 0, 0);
INSERT INTO `ssc_users` VALUES (10, 'wangc1', 'ea03ad5da31bce15da58ce070035164d', 0, 8, 2748, 62, b'1', 15233623214, 1544958881, 'wangchenphp@sina.com', '/uploads/photo_1.jpg', 326, 5);
INSERT INTO `ssc_users` VALUES (11, 'test', 'ea03ad5da31bce15da58ce070035164d', 0, 8, 60, 0, b'1', 0, 1546000573, 'wangchenphp@sina.com', '/uploads/photo_1.jpg', 0, 0);

SET FOREIGN_KEY_CHECKS = 1;
